lms-id,problem_type,unknown_slot,given_set,dialect,prompt_variant,problem-text,question-text
ratio_proportion_change4b-cms-094,change_find_amount,NumeratorQuantity1,initial+percent,change4b,A,"Kulas Recital Hall is located on the campus of Oberlin Conservatory of Music in Oberlin, Ohio. One day before a piano recital was to take place, 30 tickets had been sold. Happily for the concert organizers an additional 80% of the 30 seats that were previously sold were sold on the actual day of the concert. The result was a sell-out. How many seats does Kulas Recital Hall have?",Enter the number of seats in Kulas Recital Hall.
ratio_proportion_change4b-cms-086,change_find_amount,NumeratorQuantity1,initial+percent,change4b,A,"The heart of a black bear beats about 50 times per minute during normal sleep in the fall. When the animal hibernates in winter, its heart rate decrease by 84%. How many times per minute does a black bear's heart beat during hibernation?",Enter the number of times a black bear's heart beats per minute during hibernation.
ratio_proportion_change4b-cms-012,change_find_amount,NumeratorQuantity1,initial+percent,change4b,A,"Yola's Pets decides to change its policy and allow their customers to bring their pets while they shop in the pet store. Before this policy, the pet store averaged 40 customers per week. After they changed the policy, they noticed an increase in the average number of customers per week by 15%. What is the average number of customers per week after Yola's Pets changed its policy?",Enter the number of customers Yola's Pets averaged per week after changing the policy.
ratio_proportion_change4b-cms-058,change_find_percent,NumeratorQuantity2,change+final,change4b,A,This year Max sold 25 tickets to the school play to his family members. This is 5 more tickets than he sold last year. What is the percent change in the number of tickets Max sold to his family members from last year to this year?,Enter the percent change in the number of tickets Max sold to his family members from last year to this year.
ratio_proportion_change4b-cms-042,change_find_percent,NumeratorQuantity2,change+final,change4b,A,This year Luke sold 40 tickets to the school play to his family members. This is 8 more tickets than he sold last year. What is the percent change in the number of tickets Luke sold to his family members from last year to this year?,Enter the percent change in the number of tickets Luke sold to his family members from last year to this year.
ratio_proportion_change4b-cms-087,change_find_percent,NumeratorQuantity2,change+final,change4b,A,This year Marissa sold 3 tickets to the school play to her family members. This is 7 fewer tickets than she sold last year. What is the percent change in the number of tickets Marissa sold to her family members from last year to this year?,Enter the percent change in the number of tickets Marissa sold to her family members from last year to this year.
ratio_proportion_change4b-cms-089,change_find_percent,NumeratorQuantity2,change+initial,change4b,A,"Ms. Greene is an art teacher who started a paper recycling program with her students in which they create a new things with used paper. Last month, her students brought in 56 pounds of paper, and this month they brought in 42 more pounds of paper. What is the percent change in the pounds of paper Ms. Greene's students brought in from last month to this month?",Enter the percent change in the pounds of paper Ms. Greene's students brought in from last month to this month.
ratio_proportion_change4b-cms-006,change_find_percent,NumeratorQuantity2,change+initial,change4b,A,"Banks sell certificates of deposit, or CDs, that pay fixed rates of interest on the invested money. The money needs to be deposited for a certain length of time, such as six months or two years. Matsuo bought a $75 CD at the Bigtime Bank that paid him $3 in interest after 1 year. What was the percent change in the amount of Matsuo's investment?  ",Enter the percent change in Matsuo's investment.
ratio_proportion_change4b-cms-035,change_find_percent,NumeratorQuantity2,change+initial,change4b,A,"Ms. Greene is an art teacher who started a paper recycling program with her students in which they create a new things with used paper. Last month, her students brought in 50 pounds of paper, and this month they brought in 44 more pounds of paper. What is the percent change in the pounds of paper Ms. Greene's students brought in from last month to this month?",Enter the percent change in the pounds of paper Ms. Greene's students brought in from last month to this month.
ratio_proportion_mix4a-cms-089,prop_find_part,NumeratorQuantity1,percent+total,mix4a,B,"Granite is a type of rock that is found throughout the Earth's crust. Granite consists mainly of the minerals quartz, feldspar, mica, and hornblende. A geologist estimates that a certain sample of granite contains 91% quartz. If the mass of the sample is 200 grams, how many grams of quartz does the sample contain?",Enter the number of grams of quartz in a 200-gram sample of granite.
ratio_proportion_mix4-047,prop_find_part,NumeratorQuantity1,percent+total,standard,B,"Anthony owns a used car dealership.  If he has 50 cars on the lot, and sells 64% of those cars, how many cars were sold this week?",Enter the number of cars that Anthony sold this week.
ratio_proportion_mix4a-cms-052,prop_find_part,NumeratorQuantity1,percent+total,mix4a,B,"Of the 150 students in the Garfield High School Theater Society, 36% said they plan to continue their theater activities after graduation. How many society members plan to continue their theater activities?  ",Enter the number of students who plan to continue their theater activities after graduation.
ratio_proportion_mix4-058,prop_find_percent,NumeratorQuantity2,part+total,standard,B,"Emily owns a used car dealership.  This week she sold 1 car, out of the 25 cars she started with.  What percent of her cars did she sell this week?",Enter the percent of her cars that Emily sold this week.
ratio_proportion_mix4a-cms-065,prop_find_percent,NumeratorQuantity2,part+total,mix4a,B,"Ashley decided one day to see how many pigs on her farm liked mud baths. She created an area of really wet mud that all the pigs could access easily. Of the 200 pigs on the farm, 104 happily rolled in the mud. What percent of the total pigs rolled in the mud?",Enter the percent of pigs that rolled in the mud.
ratio_proportion_mix4a-cms-034,prop_find_percent,NumeratorQuantity2,part+total,mix4a,B,Professor Morgan Quackenbush has identified 150 basic sounds produced when people pass gas. She records 126 of these sounds for further studies.  What percent of the total identified sounds did she record?,Enter the percent of identified sounds she recorded.
ratio_proportion_mix4-063,prop_find_total,DenominatorQuantity1,part+percent,standard,B,"The student council conducts a survey to see whether or not the student council president is doing a good job. When the results are in, 3 students think that the president is doing a good job. This is 60% of the students surveyed. How many students were surveyed?",Enter the number of students that were surveyed.
ratio_proportion_mix4a-cms-053,prop_find_total,DenominatorQuantity1,part+percent,mix4a,B,"The owner of Mike's Miracle Mile Auto likes to keep a fixed number of new cars in inventory on his lot. However, due to a strike by truck drivers who deliver new cars, there are only 112 new cars in inventory on Mike's lot. That's 64% of the number Mike would like. How many new cars does Mike like to keep in inventory on the lot?",Enter the number of new cars Mike likes to have in inventory on his lot.
ratio_proportion_mix4a-cms-082,prop_find_total,DenominatorQuantity1,part+percent,mix4a,B,"Melissa recently got a new cable for a TV installed in her upstairs bedroom. She used a coupon to pay $27 for the installation, which is 6% of the amount the cable company typically charges. How many dollars does Melissa's cable company typically charge for installation?",Enter the number of dollars Melissa's cable company typically charges for installation.
